{"cameraMode":{"drawMode":0,"name":"Shaded","section":"Shading Mode"},"sceneLighting":false,"audioPlay":false,"sceneViewState":{"m_AlwaysRefresh":false,"showFog":true,"showSkybox":true,"showFlares":true,"showImageEffects":true,"showParticleSystems":true,"showVisualEffectGraphs":true,"m_FxEnabled":true},"in2DMode":false,"pivot":{"x":4.709173679351807,"y":14.821795463562012,"z":-26.05792236328125},"rotation":{"x":0.07492348551750183,"y":-0.022441750392317773,"z":0.00168904522433877,"w":0.9969847202301025},"size":5.299046993255615,"orthographic":false}