{"cameraMode":{"drawMode":0,"name":"Shaded","section":"Shading Mode"},"sceneLighting":false,"audioPlay":false,"sceneViewState":{"m_AlwaysRefresh":false,"showFog":true,"showSkybox":true,"showFlares":true,"showImageEffects":true,"showParticleSystems":true,"showVisualEffectGraphs":true,"m_FxEnabled":true},"in2DMode":false,"pivot":{"x":-0.15541128814220429,"y":12.803959846496582,"z":-26.070676803588868},"rotation":{"x":0.25477325916290285,"y":-0.08429963886737824,"z":0.022298522293567659,"w":0.9631059169769287},"size":0.4163431227207184,"orthographic":false}