{"cameraMode":{"drawMode":0,"name":"Shaded","section":"Shading Mode"},"sceneLighting":false,"audioPlay":false,"sceneViewState":{"m_AlwaysRefresh":false,"showFog":true,"showSkybox":true,"showFlares":true,"showImageEffects":true,"showParticleSystems":true,"showVisualEffectGraphs":true,"m_FxEnabled":true},"in2DMode":false,"pivot":{"x":9.27435302734375,"y":-0.045078277587890628,"z":-8.894898414611817},"rotation":{"x":0.23390956223011018,"y":0.5073336362838745,"z":-0.14543332159519196,"w":0.8166894316673279},"size":31.802139282226564,"orthographic":false}