{"cameraMode":{"drawMode":0,"name":"Shaded","section":"Shading Mode"},"sceneLighting":false,"audioPlay":false,"sceneViewState":{"m_AlwaysRefresh":false,"showFog":true,"showSkybox":true,"showFlares":true,"showImageEffects":true,"showParticleSystems":true,"showVisualEffectGraphs":true,"m_FxEnabled":true},"in2DMode":false,"pivot":{"x":15.955562591552735,"y":0.5400876998901367,"z":-16.880107879638673},"rotation":{"x":0.3607148826122284,"y":0.00918946135789156,"z":-0.0036796610802412035,"w":0.9327501058578491},"size":13.242535591125489,"orthographic":false}